{"cameraMode":{"drawMode":24,"name":"Light Overlap","section":"Baked Global Illumination"},"sceneLighting":false,"audioPlay":false,"sceneViewState":{"showFog":true,"showMaterialUpdate":false,"showSkybox":true,"showFlares":true,"showImageEffects":true,"showParticleSystems":true},"in2DMode":false,"pivot":{"x":-7.4128875732421879,"y":10.419386863708496,"z":-5.82407808303833},"rotation":{"x":0.1512734591960907,"y":-0.646745502948761,"z":0.13299521803855897,"w":0.7356283068656921},"size":126.80093383789063,"orthographic":false}