{"cameraMode":{"drawMode":24,"name":"Light Overlap","section":"Baked Global Illumination"},"sceneLighting":false,"audioPlay":false,"sceneViewState":{"showFog":true,"showMaterialUpdate":false,"showSkybox":true,"showFlares":true,"showImageEffects":true,"showParticleSystems":true},"in2DMode":false,"pivot":{"x":-20.361398696899415,"y":36.891727447509769,"z":-39.76146697998047},"rotation":{"x":-0.01844615675508976,"y":0.8058729767799377,"z":0.025141241028904916,"w":0.5912668704986572},"size":3.777021646499634,"orthographic":false}